Workbook

Sheet Summary
A1: JARVIS HIRE — Phase 1 Internship Evauation Summary
A2: Period: | B2: Jul 1 2026 - Aug 28 2026
A4: Name | B4: Title | C4: Scoring | F4: Rating | G4: Pass to Phase 2
C5: KPI (70%) | D5: Competency (30%) | E5: Final Score (/5.0)
A6: ='Duong-MTK'!$C$7 -> Pham Thuy Duong | B6: ='Duong-MTK'!$C$10 -> Growth Marketing Intern | C6: ='Duong-MTK'!J20 -> 4.175 | D6: ='Duong-MTK'!E29 -> 4.15 | E6: ='Duong-MTK'!$G$31 -> 4.1575 | F6: Strong | G6: Yes
A7: ='Minh-Business'!$C$7 -> Hoang Gia Minh | B7: ='Minh-Business'!$C$10 -> Business Development Intern | C7: ='Minh-Business'!J20 -> 4.075 | D7: ='Minh-Business'!E29 -> 4 | E7: ='Minh-Business'!$G$31 -> 4.0225 | F7: Strong | G7: Yes
A8: ='[1]Lam-MKT'!$C$7 -> Nguyen Phuong Lam | B8: ='Lam-MKT'!$C$10 -> Growth Marketing Intern | C8: ='Lam-MKT'!J20 -> 4.25 | D8: ='Lam-MKT'!E29 -> 4.15 | E8: ='Lam-MKT'!$G$31 -> 4.18 | F8: Strong | G8: Yes

Sheet Duong-MTK
A4: 🎯 JARVIS HIRE — Growth Marketing Intern
A5: KPI Tracker & Performance Evaluation | Phase 1 Internship
A7: Intern Name: | C7: Pham Thuy Duong
A8: Manager: | C8: Tran Hoai Nam
A9: Period: | C9: Jul 1 2026 - Aug 28 2026
A10: Position: | C10: Growth Marketing Intern
A11: Date of Review: | C11: 28/08/2026
A13: SECTION 1 — KPI TRACKER (Weekly / Monthly) - 70% | J13: Weight | K13: 0.7
A14: KPI Metric | C14: Weight | D14: Target | E14: Jul | G14: Aug | I14: Actual | J14: Score (0–5) | K14: Notes | M14: Score 5 ✅ (Exceptional) | N14: Score 3 ⚠ (Satisfactory) | O14: Score 1 ❌ (Not Met)
A15: 1 | B15: Task Completion Rate — % tasks completed to spec | C15: 0.25 | D15: 100 | E15: 100 | G15: 100 | I15: 100 | J15: 5 | K15: Consistently completes tasks on schedule. | M15: ≥ 5 experiments; hypothesis, results, and learnings documented | N15: 3–4 experiments; basic documentation | O15: < 2 experiments or no clear hypothesis
A16: 2 | B16: Candidate Persona + Funnel Map | C16: 0.25 | D16: Clearly depicts the candidate persona; funnel-map content that attracts candidates. | E16: Built out Threads and Facebook content, surfacing information for candidates around Chinese-language recruitment and the Chinese-language job market. | G16: Identified viral trends on Threads to shape content, and produced related posts to attract candidates. | I16: 90/100 | J16: 4 | K16: Completed building candidate-facing content according to plan. | M16: ≥ 10 conversations; best channel identified | N16: 5–9 conversations; optimizing channels | O16: < 5 conversations; no clear effective channel
A17: 3 | B17: Candidate Content Strategy + Content Plan | C17: 0.2 | D17: Create engaging content for candidates to drive user sign-ups. target: 100 canididates signup | E17: Achieved viral posts on Threads that attracted users and drove candidate sign-ups. | G17: Continued producing viral posts, with a content plan to run ads targeting candidates' pain points in the job-search process. | I17: 90/100 | J17: 4 | K17: Completed content according to plan, and built out the initial content foundation for the Threads and Facebook channels. | M17: ≥ 15% response rate; channel comparison report included | N17: 8–14%; testing improvements | O17: < 5%; suitable channel not yet found
A18: 4 | B18: Candidate tracking template | C18: 0.15 | D18: Track content performance based on traffic and CV uploads. Target: 80 CV uploads. | E18: Measured and experimented with tactics to go viral and attract users on Threads. | G18: Continued experimenting on Threads, and set up ad campaigns targeting candidates. | I18: 80/100 | J18: 3.5 | K18: Tracked user growth to inform the plan for the following weeks. | M18: ≥ 3 tests; clear results applied to next iteration | N18: 1–2 tests; results available but not yet applied | O18: 0–1 test; no basis for comparison
A19: 5 | B19: Weekly Experiment Report | C19: 0.15 | D19: Submits complete reports on a weekly basis. | E19: Submits complete weekly reports covering the issues encountered and the plan for the week. | G19: Weekly reports, along with proactively proposed marketing ideas. | I19: 90/100 | J19: 4 | K19: Provides complete weekly reports on tasks and progress. | M19: 4/4 reports on time; actionable insights adopted by team | N19: 2–3/4 reports; insights present but incomplete | O19: < 2 reports or frequently submitted late
A20: TOTAL WEIGHT | C20: 100% | J20: =J15*C15+J16*C16+J17*C17+J18*C18+J19*C19 -> 4.175
A22: SECTION 2 — COMPETENCY EVALUATION (Manager Assessment) | J22: Weight | K22: 0.3
A23: Competency | C23: Weight | D23: Description | E23: Score (1–5) | F23: Weighted Score | G23: Evidence / Comments | M23: Score 5 ✅ (Exceptional) | N23: Score 3 ⚠ (Satisfactory) | O23: Score 1 ❌ (Not Met)
A24: 1 | B24: Experimentation Mindset & Speed | C24: 25% | D24: Proactively proposes and runs experiments without waiting for direction. | E24: 4 | F24: 1 | G24: Has an experimental mindset — researches issues related to brand and marketing for the project. | M24: Proactively finds opportunities; runs parallel experiments | N24: Executes when assigned; achieves basic results | O24: Requires detailed direction before executing
A25: 2 | B25: Output Quality & Structure | C25: 25% | D25: Doc/Sheet fully informative, clear, and immediately usable | E25: 4 | F25: 1 | G25: Maintains thorough statistics and weekly reports relevant to the work. | M25: Writes high-converting copy independently; adjusts tone by channel | N25: Copy meets requirements; minor edits needed | O25: Generic copy; no channel differentiation
A26: 3 | B26: Data Interpretation & Decision-making | C26: 20% | D26: Reads data correctly, extracts insights, and proposes next actions. | E26: 4 | F26: 0.8 | G26: Applies market, marketing, and trend data effectively to the work. | M26: Independently analyzes and proposes evidence-based recommendations | N26: Analyzes with support; insights correct but not deep | O26: Struggles to read data; needs step-by-step guidance
A27: 4 | B27: Self-direction & Proactiveness | C27: 15% | D27: Does not need detailed manager direction; self-manages time. | E27: 3.5 | F27: 0.6 | G27: Shows initiative in the work, though there's still room to grow in taking greater ownership and proactiveness. | M27: Always knows the next step; reports before being asked | N27: Works well but needs frequent check-ins | O27: Frequently waits for direction; lacks initiative
A28: 5 | B28: AI Tool Adoption in Growth Workflow | C28: 15% | D28: Uses AI for copy creation, analysis, summaries — at least 3 tasks/week. | E28: 4 | F28: 0.75 | G28: Effectively uses Claude and Canva AI tools in day-to-day work. | M28: AI deeply integrated into workflow; clearly saves time | N28: Uses AI but not systematically | O28: Rarely uses AI; work not optimized
A29: TOTAL COMPETENCY SCORE | E29: =SUM(F24:F28) -> 4.15 | F29: Score out of 5.0 (weighted)
A31: SECTION 3 — RATING SCALE & FINAL RECOMMENDATION | G31: =E29*K13+J20*K22 -> 4.1575
A32: 5 — Exceptional | C32: Consistently exceeds all targets; proactive, reliable, high-impact
A33: 4 — Strong | C33: Meets most targets; good execution with minor gaps
A34: 3 — Satisfactory | C34: Meets baseline; needs coaching on some areas
A35: 2 — Developing | C35: Below target in key areas; requires structured improvement plan
A36: 1 — Unsatisfactory | C36: Significant gaps; continuation requires manager approval
A39: Final Recommendation: | C39: [x] Extend Internship [ ] Full-time Offer [ ] Performance Plan [ ] End Internship
A40: Manager Signature: | C40: Tran Hoai Nam
A41: Date: | C41: 28/08/2026
A43: Other comments from HR | C43: After 90 days, Duong has demonstrated a positive attitude, willingness to learn, and openness to challenging herself through new tasks and experiences. She has gained valuable hands-on experience in content, creativity, and candidate-related activities, although she currently sees her performance as meeting expectations and still needs more practical experience. Moving forward, she should focus on improving content effectiveness, understanding what drives engagement/virality, and developing stronger candidate-care skills. While the current role is only a partial career match, she is willing to adapt and explore areas that better align with her interest in research and creative work. Her next focus is to increase Jarvis's employee engagement and develop the TikTok channel. => High potential but need close mentor, 50-50 committment

Sheet Duong_Task Report

Sheet Minh-Business
A4: 🎯 JARVIS HIRE — Business Development Intern
A5: KPI Tracker & Performance Evaluation | Phase 1 Internship
A7: Intern Name: | C7: Hoang Gia Minh
A8: Manager: | C8: Tran Hoai Nam
A9: Period: | C9: Jul 1 2026 - Aug 28 2026
A10: Position: | C10: Business Development Intern
A11: Date of Review: | C11: 28/08/2026
A13: SECTION 1 — KPI TRACKER (Weekly / Monthly) - 70% | J13: Weight | K13: 0.7
A14: KPI Metric | C14: Weight | D14: Target | E14: Jul | G14: Aug | I14: Actual | J14: Score (0–5) | K14: Notes | M14: Score 5 ✅ (Exceptional) | N14: Score 3 ⚠ (Satisfactory) | O14: Score 1 ❌ (Not Met)
A15: 1 | B15: Task Completion Rate — % tasks completed to spec | C15: 0.25 | D15: 100 | E15: 100 | G15: 100 | I15: 100 | J15: 5 | K15: Consistently completes tasks on schedule. | M15: ≥ 35 contacts; full notes in CRM | N15: 25–34 contacts; CRM updated | O15: < 20 contacts or no CRM log
A16: 2 | B16: Pain Points + Cold Scripts | C16: 0.25 | D16: Identifies pain points and cold-outreach scripts for contacting customers. | E16: Tested outreach on a logistics-focused customer segment to pitch the service. | G16: Searched for and tested outreach to customers with urgent hiring needs on other platforms. | I16: 90/100 | J16: 4 | K16: Developed an outreach plan and contacted customers to pitch posting job listings with us. | M16: ≥ 7 calls; correct target industry | N16: 4–6 calls; acceptable quality | O16: < 3 calls or not qualified
A17: 3 | B17: CRM Setup + Sales Deck Finalize | C17: 0.2 | D17: Set up CRM and finalized the sales deck to pitch the service to potential customers. Compiled a list of target companies and profiles to reach out to. | E17: Compiled a list of potential companies sourced from Facebook and Zalo recruitment groups, and reached out to them. | G17: Tested and refined the CRM to track and follow up with contacted companies, generating data to inform next actions. | I17: 80/100 | J17: 3.5 | K17: Completed the work and actively reached out to potential customers. Also gathered valuable feedback to help refine the product. | M17: ≥ 20%; rejection reason analysis included | N17: 12–19%; aware of improvement areas | O17: < 10%; no reason tracking
A18: 4 | B18: Employer Acquisition Plan | C18: 0.15 | D18: A plan to acquire customers for Jarvis Hire — targeting the first signed customer contract. Contact target: 100 leads | E18: Contacted 50 customers and gathered product feedback. | G18: Building on July's results, improve the outreach approach and continue contacting 50 new customers sourced from other platform markets. | I18: 80/100 | J18: 3.5 | K18: Proactive in outreach and customer prospecting. Still needs to improve planning and strategy for qualifying prospects when testing new customer segments. | M18: ≥ 5 summaries; complete, actionable | N18: 3–4 summaries; missing 1–2 items | O18: < 3 summaries or missing significant information
A19: 5 | B19: Weekly Experiment Report | C19: 0.15 | D19: Delivers complete work reports along with next actions for each week. | E19: Delivers complete weekly reports covering work completed and work planned. | G19: Reports progress and also proposes ideas and plans while working toward acquiring the first customer. | I19: 90/100 | J19: 4 | K19: Work reports are complete, timely, and clear. Could show more initiative in generating her own ideas for finding customers. | M19: 0 dropped; clear follow-up system in place | N19: 1–2 missed follow-ups; self-identified | O19: ≥ 3 dropped leads or manager had to remind
A20: TOTAL WEIGHT | C20: 100% | J20: =J15*C15+J16*C16+J17*C17+J18*C18+J19*C19 -> 4.075
A22: SECTION 2 — COMPETENCY EVALUATION (Manager Assessment) | J22: Weight | K22: 0.3
A23: Competency | C23: Weight | D23: Description | E23: Score (1–5) | F23: Weighted Score | G23: Evidence / Comments | M23: Score 5 ✅ (Exceptional) | N23: Score 3 ⚠ (Satisfactory) | O23: Score 1 ❌ (Not Met)
A24: 1 | B24: Experimentation Mindset & Speed | C24: 25% | D24: Proactively proposes and runs experiments without waiting for direction. | E24: 4 | F24: =IFERROR(VALUE(LEFT(C24,LEN(C24)-1))/100*E24,"") -> 1 | G24: Brings ideas and planning to the work, and actively engages in customer outreach while experimenting with different approaches. | M24: Always completes before deadline; resolves blockers independently | N24: Completes when prompted; needs support | O24: Frequently late; requires close supervision
A25: 2 | B25: Output Quality & Structure | C25: 25% | D25: Doc/Sheet fully informative, clear, and immediately usable | E25: 4 | F25: =IFERROR(VALUE(LEFT(C25,LEN(C25)-1))/100*E25,"") -> 1 | G25: Produces clear, well-organized documents and outputs for tracking work. | M25: Writes professional messages independently; high reply rate | N25: Messages acceptable but frequently need editing | O25: Generic messages; low reply rate
A26: 3 | B26: Data Interpretation & Decision-making | C26: 20% | D26: Reads data correctly, extracts insights, and proposes next actions. | E26: 4 | F26: =IFERROR(VALUE(LEFT(C26,LEN(C26)-1))/100*E26,"") -> 0.8 | G26: Has developed ideas for collecting market data, researching, and testing approaches based on past customers to find new ones. | M26: CRM always complete; can report pipeline at any time | N26: CRM updated but slow or missing some fields | O26: CRM frequently incomplete; pipeline hard to track
A27: 4 | B27: Self-direction & Proactiveness | C27: 15% | D27: Does not need detailed manager direction; self-manages time. | E27: 4 | F27: =IFERROR(VALUE(LEFT(C27,LEN(C27)-1))/100*E27,"") -> 0.6 | G27: Shows a high level of initiative in the work — doesn't need overly detailed guidelines for day-to-day tasks. | M27: Adjusts immediately after 1 feedback; shows initiative | N27: Improves after 2–3 rounds of feedback | O27: Repeats mistakes despite multiple feedback sessions
A28: 5 | B28: AI Tool Adoption in Growth Workflow | C28: 15% | D28: Uses AI for copy creation, analysis, summaries — at least 3 tasks/week. | E28: 4 | F28: =IFERROR(VALUE(LEFT(C28,LEN(C28)-1))/100*E28,"") -> 0.6 | G28: Applies AI tools in day-to-day work for outreach and data processing. | M28: AI integrated into workflow regularly; clearly improves efficiency | N28: Uses AI but inconsistently | O28: Rarely uses AI; no productivity improvement
A29: TOTAL COMPETENCY SCORE | E29: =SUM(F24:F28) -> 4 | F29: Score out of 5.0 (weighted)
A31: SECTION 3 — RATING SCALE & FINAL RECOMMENDATION | G31: =E29*K13+J20*K22 -> 4.0225
A32: 5 — Exceptional | C32: Consistently exceeds all targets; proactive, reliable, high-impact
A33: 4 — Strong | C33: Meets most targets; good execution with minor gaps
A34: 3 — Satisfactory | C34: Meets baseline; needs coaching on some areas
A35: 2 — Developing | C35: Below target in key areas; requires structured improvement plan
A36: 1 — Unsatisfactory | C36: Significant gaps; continuation requires manager approval
A38: Final Recommendation: | C38: [x] Extend Internship [ ] Full-time Offer [ ] Performance Plan [ ] End Internship
A39: Manager Signature: | C39: Tran Hoai Nam
A40: Date: | C40: 28/08/2026
A42: Other comments from HR | C42: After 90 days, Minh has shown a strong learning mindset, adaptability, and positive attitude. He has gained valuable hands-on experience in product development, customer outreach, branding, and real-market operations, with initial progress in generating deals. Moving forward, he should focus on improving conversion rates by expanding customer acquisition channels and contributing more directly to project revenue. The current role also supports his longer-term interest in Tech and his career goal of developing toward a PM/PO path. => High potential but need close mentor and clear guidance

Sheet Minh_Task Report

Sheet Lam-MKT
A4: 🎯 JARVIS HIRE — Growth Marketing Intern
A5: KPI Tracker & Performance Evaluation | Phase 1 Internship
A7: Intern Name: | C7: Nguyen Phuong Lam
A8: Manager: | C8: Tran Hoai Nam
A9: Period: | C9: Jul 1 2026 - Aug 28 2026
A10: Position: | C10: Growth Marketing Intern
A11: Date of Review: | C11: 28/08/2026
A13: SECTION 1 — KPI TRACKER (Weekly / Monthly) | J13: Weight | K13: 0.7
A14: KPI Metric | C14: Weight | D14: Target | E14: Jul | G14: Aug | I14: Actual | J14: Score (0–5) | K14: Notes | M14: Score 5 ✅ (Exceptional) | N14: Score 3 ⚠ (Satisfactory) | O14: Score 1 ❌ (Not Met)
A15: 1 | B15: Task Completion Rate — % tasks completed to spec | C15: 0.25 | D15: 100 | E15: 100 | G15: 100 | I15: 100 | J15: 5 | K15: Consistently completes tasks on schedule. | M15: ≥ 5 experiments; hypothesis, results, and learnings documented | N15: 3–4 experiments; basic documentation | O15: < 2 experiments or no clear hypothesis
A16: 2 | B16: Employer Persona + Funnel Map | C16: 0.25 | D16: Define Jarvis Hire's target customer persona, and produce content that attracts and engages users. | E16: Create content that raises user awareness of Chinese-language recruitment needs, reinforcing Jarvis Hire's professional brand image. | G16: Focus on the pain points Jarvis Hire solves, and prepare ad campaigns for next month. | I16: 90/100 | J16: 4 | K16: Content and content strategy are strong, carefully executed | M16: ≥ 10 conversations; best channel identified | N16: 5–9 conversations; optimizing channels | O16: < 5 conversations; no clear effective channel
A17: 3 | B17: Employer Pain Points + Brief content | C17: 0.2 | D17: Clearly articulates the problems Jarvis Hire solves around Chinese-language (Mandarin) recruitment and hiring. | E17: Builds out a framework of key pain points in Chinese-language recruitment | G17: Presents the solutions: AI-powered matching, reduced hiring time, and candidate screening supported by Jarvis Hire's team. | I17: 90/100 | J17: 4 | K17: Content and content strategy are strong, carefully executed | M17: ≥ 3 tests; clear results applied to next iteration | N17: 1–2 tests; results available but not yet applied | O17: 0–1 test; no basis for comparison
A18: 4 | B18: Employer Acquisition Plan | C18: 0.15 | D18: Plan to target potential employer customers on LinkedIn. | E18: Build LinkedIn content and connect with HR managers. | G18: Continue connecting with HR managers, keep building content for Jarvis Hire, and plan for ads. | I18: 90/100 | J18: 4 | K18: Has clear direction and executes the plan fully and thoroughly. | M18: 4/4 reports on time; actionable insights adopted by team | N18: 2–3/4 reports; insights present but incomplete | O18: < 2 reports or frequently submitted late
A19: 5 | B19: Weekly Experiment Report | C19: 0.15 | D19: Submits complete reports on a weekly basis. | E19: Provides thorough progress reports, and proactively proposes ongoing tasks and plans. | G19: Delivers weekly experiment results showing what worked and what didn't. Also involved in the candidate care process. | I19: 90/100 | J19: 4 | K19: Reports are thorough and complete. Actively and proactively proposes revised approaches when needed.
A20: TOTAL WEIGHT | C20: 100% | J20: =J15*C15+J16*C16+J17*C17+J18*C18+J19*C19 -> 4.25
A22: SECTION 2 — COMPETENCY EVALUATION (Manager Assessment) | J22: Weight | K22: 0.3
A23: Competency | C23: Weight | D23: Description | E23: Score (1–5) | F23: Weighted Score | G23: Evidence / Comments | M23: Score 5 ✅ (Exceptional) | N23: Score 3 ⚠ (Satisfactory) | O23: Score 1 ❌ (Not Met)
A24: 1 | B24: Experimentation Mindset & Speed | C24: 25% | D24: Proactively proposes and runs experiments without waiting for direction. | E24: 4 | F24: =IFERROR(VALUE(LEFT(C24,LEN(C24)-1))/100*E24,"") -> 1 | G24: Shows initiative and adaptability — proactively experiments with new approaches when facing unfamiliar problems to find solutions, and regularly proposes ideas rather than waiting to be assigned. | M24: Proactively finds opportunities; runs parallel experiments | N24: Executes when assigned; achieves basic results | O24: Requires detailed direction before executing
A25: 2 | B25: Output Quality & Structure | C25: 25% | D25: Doc/Sheet fully informative, clear, and immediately usable | E25: 4 | F25: =IFERROR(VALUE(LEFT(C25,LEN(C25)-1))/100*E25,"") -> 1 | G25: Plans and documents are clear and well-structured, making it easy for anyone following up to get up to speed quickly. | M25: Writes high-converting copy independently; adjusts tone by channel | N25: Copy meets requirements; minor edits needed | O25: Generic copy; no channel differentiation
A26: 3 | B26: Data Interpretation & Decision-making | C26: 20% | D26: Reads data correctly, extracts insights, and proposes next actions. | E26: 4 | F26: =IFERROR(VALUE(LEFT(C26,LEN(C26)-1))/100*E26,"") -> 0.8 | G26: Applies data effectively to guide day-to-day work, and uses it to inform content proposals and creation. | M26: Independently analyzes and proposes evidence-based recommendations | N26: Analyzes with support; insights correct but not deep | O26: Struggles to read data; needs step-by-step guidance
A27: 4 | B27: Self-direction & Proactiveness | C27: 15% | D27: Does not need detailed manager direction; self-manages time. | E27: 4 | F27: =IFERROR(VALUE(LEFT(C27,LEN(C27)-1))/100*E27,"") -> 0.6 | G27: Highly proactive across both self-driven and assigned work — manages tasks independently without needing detailed step-by-step direction. | M27: Always knows the next step; reports before being asked | N27: Works well but needs frequent check-ins | O27: Frequently waits for direction; lacks initiative
A28: 5 | B28: AI Tool Adoption in Growth Workflow | C28: 15% | D28: Uses AI for copy creation, analysis, summaries — at least 3 tasks/week. | E28: 5 | F28: =IFERROR(VALUE(LEFT(C28,LEN(C28)-1))/100*E28,"") -> 0.75 | G28: Uses Claude effectively across day-to-day tasks as well as weekly reporting. | M28: AI deeply integrated into workflow; clearly saves time | N28: Uses AI but not systematically | O28: Rarely uses AI; work not optimized
A29: TOTAL COMPETENCY SCORE | E29: =SUM(F24:F28) -> 4.15 | F29: Score out of 5.0 (weighted)
A31: SECTION 3 — RATING SCALE & FINAL RECOMMENDATION | G31: =E29*K13+J20*K22 -> 4.18
A32: 5 — Exceptional | C32: Consistently exceeds all targets; proactive, reliable, high-impact
A33: 4 — Strong | C33: Meets most targets; good execution with minor gaps
A34: 3 — Satisfactory | C34: Meets baseline; needs coaching on some areas
A35: 2 — Developing | C35: Below target in key areas; requires structured improvement plan
A36: 1 — Unsatisfactory | C36: Significant gaps; continuation requires manager approval
A38: Final Recommendation: | C38: [x] Extend Internship [ ] Full-time Offer [ ] Performance Plan [ ] End Internship
A39: Manager Signature: | C39: Tran Hoai Nam
A40: Date: | C40: 28/08/2026
A42: Other comments from HR | C42: After 90 days, Lam has shown strong adaptability, a positive learning mindset, and the ability to quickly take on new scopes beyond her MKT background, including TA activities. She has become more confident in prioritizing tasks, responding flexibly to real-market needs, and contributing ideas. Moving forward, she should focus on strengthening her design mindset and data-related skills, while gaining more hands-on experience and taking greater ownership of new scopes. Her next priorities are to expand the candidate pool and grow the Fanpage/Group through content and Ads activities. => High Potential & High Performance

Sheet Lam_Task Report
